/* Populating the table with addresses */

INSERT INTO ADDRESS (ADDRESS_ID, HOUSENUMBER, STREETNAME, POSTALCODE, CITY, PROVINCE)
VALUES (1, 123, 'Main St', 'N9A 4X5', 'Windsor', 'Ontario');

INSERT INTO ADDRESS (ADDRESS_ID, HOUSENUMBER, STREETNAME, POSTALCODE, CITY, PROVINCE)
VALUES (2, 456, 'Maple Ave', 'N9B 1W9', 'Windsor', 'Ontario');

INSERT INTO ADDRESS (ADDRESS_ID, HOUSENUMBER, STREETNAME, POSTALCODE, CITY, PROVINCE)
VALUES (3, 789, 'Elm St', 'N9C 1A1', 'Windsor', 'Ontario');

INSERT INTO ADDRESS (ADDRESS_ID, HOUSENUMBER, STREETNAME, POSTALCODE, CITY, PROVINCE)
VALUES (4, 321, 'Oak St', 'N9E 2C3', 'Windsor', 'Ontario');

INSERT INTO ADDRESS (ADDRESS_ID, HOUSENUMBER, STREETNAME, POSTALCODE, CITY, PROVINCE)
VALUES (5, 654, 'Pine Rd', 'N9G 1Z5', 'Windsor', 'Ontario');

INSERT INTO ADDRESS (ADDRESS_ID, HOUSENUMBER, STREETNAME, POSTALCODE, CITY, PROVINCE)
VALUES (6, 987, 'Cedar Ave', 'N9H 2L9', 'Windsor', 'Ontario');

INSERT INTO ADDRESS (ADDRESS_ID, HOUSENUMBER, STREETNAME, POSTALCODE, CITY, PROVINCE)
VALUES (7, 741, 'Spruce St', 'N9J 3X6', 'Windsor', 'Ontario');

INSERT INTO ADDRESS (ADDRESS_ID, HOUSENUMBER, STREETNAME, POSTALCODE, CITY, PROVINCE)
VALUES (8, 852, 'Birch Ave', 'N9K 1A6', 'Windsor', 'Ontario');

INSERT INTO ADDRESS (ADDRESS_ID, HOUSENUMBER, STREETNAME, POSTALCODE, CITY, PROVINCE)
VALUES (9, 369, 'Chestnut Rd', 'N9L 2T1', 'Windsor', 'Ontario');

INSERT INTO ADDRESS (ADDRESS_ID, HOUSENUMBER, STREETNAME, POSTALCODE, CITY, PROVINCE)
VALUES (10, 753, 'Cherry St', 'N9M 3V7', 'Windsor', 'Ontario');

INSERT INTO ADDRESS (ADDRESS_ID, HOUSENUMBER, STREETNAME, POSTALCODE, CITY, PROVINCE)
VALUES (11, 951, 'Willow Ave', 'N9N 1A1', 'Windsor', 'Ontario');

INSERT INTO ADDRESS (ADDRESS_ID, HOUSENUMBER, STREETNAME, POSTALCODE, CITY, PROVINCE)
VALUES (12, 864, 'Cypress St', 'N9P 2B4', 'Windsor', 'Ontario');

INSERT INTO ADDRESS (ADDRESS_ID, HOUSENUMBER, STREETNAME, POSTALCODE, CITY, PROVINCE)
VALUES (13, 258, 'Beech Rd', 'N9Q 3C7', 'Windsor', 'Ontario');

INSERT INTO ADDRESS (ADDRESS_ID, HOUSENUMBER, STREETNAME, POSTALCODE, CITY, PROVINCE)
VALUES (15, 369, 'Riverdale Ave', 'N8N 1K8', 'Tecumseh', 'Ontario');

INSERT INTO ADDRESS (ADDRESS_ID, HOUSENUMBER, STREETNAME, POSTALCODE, CITY, PROVINCE)
VALUES (16, 753, 'Lesperance Rd', 'N8N 1Y4', 'Tecumseh', 'Ontario');

INSERT INTO ADDRESS (ADDRESS_ID, HOUSENUMBER, STREETNAME, POSTALCODE, CITY, PROVINCE)
VALUES (17, 951, 'Bloomfield Rd', 'N8N 3K8', 'Tecumseh', 'Ontario');

INSERT INTO ADDRESS (ADDRESS_ID, HOUSENUMBER, STREETNAME, POSTALCODE, CITY, PROVINCE)
VALUES (18, 864, 'St. Gregory Rd', 'N8N 4M5', 'Tecumseh', 'Ontario');

INSERT INTO ADDRESS (ADDRESS_ID, HOUSENUMBER, STREETNAME, POSTALCODE, CITY, PROVINCE)
VALUES (19, 258, 'Talbot Rd E', 'N8N 3W1', 'Tecumseh', 'Ontario');

INSERT INTO ADDRESS (ADDRESS_ID, HOUSENUMBER, STREETNAME, POSTALCODE, CITY, PROVINCE)
VALUES (20, 147, 'County Rd 42', 'N8N 2M1', 'Tecumseh', 'Ontario');

INSERT INTO ADDRESS (ADDRESS_ID, HOUSENUMBER, STREETNAME, POSTALCODE, CITY, PROVINCE)
VALUES (21, 852, 'Southwind Cres', 'N8N 5A5', 'Tecumseh', 'Ontario');

INSERT INTO ADDRESS (ADDRESS_ID, HOUSENUMBER, STREETNAME, POSTALCODE, CITY, PROVINCE)
VALUES (22, 741, 'Saint Pierre St', 'N8N 1C1', 'Tecumseh', 'Ontario');

INSERT INTO ADDRESS (ADDRESS_ID, HOUSENUMBER, STREETNAME, POSTALCODE, CITY, PROVINCE)
VALUES (23, 654, 'Westchester Blvd', 'N8N 2Y2', 'Tecumseh', 'Ontario');

INSERT INTO ADDRESS (ADDRESS_ID, HOUSENUMBER, STREETNAME, POSTALCODE, CITY, PROVINCE)
VALUES (24, 321, 'Renaud Line Rd', 'N8N 5C1', 'Tecumseh', 'Ontario');

INSERT INTO ADDRESS (ADDRESS_ID, HOUSENUMBER, STREETNAME, POSTALCODE, CITY, PROVINCE)
VALUES (25, 864, 'St. Gregory Rd', 'N9J 2W8', 'Amherstburg', 'Ontario');

INSERT INTO ADDRESS (ADDRESS_ID, HOUSENUMBER, STREETNAME, POSTALCODE, CITY, PROVINCE)
VALUES (26, 258, 'Lakeshore Blvd', 'N9J 2W6', 'Amherstburg', 'Ontario');

INSERT INTO ADDRESS (ADDRESS_ID, HOUSENUMBER, STREETNAME, POSTALCODE, CITY, PROVINCE)
VALUES (27, 147, 'Queen Ave', 'N9J 2W7', 'Amherstburg', 'Ontario');

INSERT INTO ADDRESS (ADDRESS_ID, HOUSENUMBER, STREETNAME, POSTALCODE, CITY, PROVINCE)
VALUES (28, 852, 'Dalhousie Ave', 'N9J 2W1', 'Tecumseh', 'Ontario');

INSERT INTO ADDRESS (ADDRESS_ID, HOUSENUMBER, STREETNAME, POSTALCODE, CITY, PROVINCE)
VALUES (29, 10, 'Ramsey St', 'N9J 2R2', 'Amherstburg', 'Ontario');

INSERT INTO ADDRESS (ADDRESS_ID, HOUSENUMBER, STREETNAME, POSTALCODE, CITY, PROVINCE)
VALUES (30, 33, 'King St', 'N9J 2W2', 'Amherstburg', 'Ontario');

INSERT INTO ADDRESS (ADDRESS_ID, HOUSENUMBER, STREETNAME, POSTALCODE, CITY, PROVINCE)
VALUES (31, 8, 'Windermere Rd', 'N9J 2W3', 'Amherstburg', 'Ontario');


/* Populating the table with contact information for patients */

INSERT INTO CONTACT (CONTACT_ID, PHONE_NUMBER, EMAIL_ADDRESS)
VALUES (1, 5195551234, 'johndoe@gmail.com');

INSERT INTO CONTACT (CONTACT_ID, PHONE_NUMBER, EMAIL_ADDRESS)
VALUES (2, 5195555678, 'janedoe@yahoo.com');

INSERT INTO CONTACT (CONTACT_ID, PHONE_NUMBER, EMAIL_ADDRESS)
VALUES (3, 5195552345, 'susanjones@hotmail.com');

INSERT INTO CONTACT (CONTACT_ID, PHONE_NUMBER, EMAIL_ADDRESS)
VALUES (4, 5195559876, 'mikebrown@gmail.com');

INSERT INTO CONTACT (CONTACT_ID, PHONE_NUMBER, EMAIL_ADDRESS)
VALUES (5, 5195556789, 'jennifersmith@gmail.com');

INSERT INTO CONTACT (CONTACT_ID, PHONE_NUMBER, EMAIL_ADDRESS)
VALUES (6, 5195553456, 'robertwilson@yahoo.com');

INSERT INTO CONTACT (CONTACT_ID, PHONE_NUMBER, EMAIL_ADDRESS)
VALUES (7, 5195558765, 'jessicawilliams@hotmail.com');

INSERT INTO CONTACT (CONTACT_ID, PHONE_NUMBER, EMAIL_ADDRESS)
VALUES (8, 5195557890, 'davidlee@gmail.com');

INSERT INTO CONTACT (CONTACT_ID, PHONE_NUMBER, EMAIL_ADDRESS)
VALUES (9, 5195554567, 'karenjohnson@yahoo.com');

INSERT INTO CONTACT (CONTACT_ID, PHONE_NUMBER, EMAIL_ADDRESS)
VALUES (10, 5195552345, 'brianmiller@hotmail.com');

INSERT INTO CONTACT (CONTACT_ID, PHONE_NUMBER, EMAIL_ADDRESS)
VALUES (11, 5195556789, 'ashleytaylor@gmail.com');

INSERT INTO CONTACT (CONTACT_ID, PHONE_NUMBER, EMAIL_ADDRESS)
VALUES (12, 5195558765, 'adamjackson@yahoo.com');

INSERT INTO CONTACT (CONTACT_ID, PHONE_NUMBER, EMAIL_ADDRESS)
VALUES (13, 5195551234, 'cynthiawright@hotmail.com');

INSERT INTO CONTACT (CONTACT_ID, PHONE_NUMBER, EMAIL_ADDRESS)
VALUES (14, 5195555678, 'matthewdavis@gmail.com');

INSERT INTO CONTACT (CONTACT_ID, PHONE_NUMBER, EMAIL_ADDRESS)
VALUES (15, 5195552345, 'sarahmoore@yahoo.com');

INSERT INTO CONTACT (CONTACT_ID, PHONE_NUMBER, EMAIL_ADDRESS)
VALUES (16, 5195559876, 'jacobmartin@hotmail.com');

INSERT INTO CONTACT (CONTACT_ID, PHONE_NUMBER, EMAIL_ADDRESS)
VALUES (17, 5195556789, 'amandajohnson@gmail.com');

INSERT INTO CONTACT (CONTACT_ID, PHONE_NUMBER, EMAIL_ADDRESS)
VALUES (18, 5195553456, 'christopherbaker@yahoo.com');

INSERT INTO CONTACT (CONTACT_ID, PHONE_NUMBER, EMAIL_ADDRESS)
VALUES (19, 5195558765, 'rachelturner@hotmail.com');

INSERT INTO CONTACT (CONTACT_ID, PHONE_NUMBER, EMAIL_ADDRESS)
VALUES (20, 5195557890, 'andrewroberts@gmail.com');

INSERT INTO CONTACT (CONTACT_ID, PHONE_NUMBER, EMAIL_ADDRESS)
VALUES (21, 5195554567, 'emilyjones@yahoo.com');

INSERT INTO CONTACT (CONTACT_ID, PHONE_NUMBER, EMAIL_ADDRESS)
VALUES (22, 5195552345, 'jaredharris@hotmail.com');

INSERT INTO CONTACT (CONTACT_ID, PHONE_NUMBER, EMAIL_ADDRESS)
VALUES (23, 5195556789, 'oliviarobinson@gmail.com');

INSERT INTO CONTACT (CONTACT_ID, PHONE_NUMBER, EMAIL_ADDRESS)
VALUES (24, 5195558765, 'nicholaswright@yahoo.com');

INSERT INTO CONTACT (CONTACT_ID, PHONE_NUMBER, EMAIL_ADDRESS)
VALUES (25, 5195556789, 'realperson@yahoo.com');

/* Populating the table with contact information for doctors and nurses*/

INSERT INTO CONTACT (CONTACT_ID, PHONE_NUMBER, EMAIL_ADDRESS)
VALUES(26, 2269832355, 'drkovac@greenviewmedical.com');

INSERT INTO CONTACT (CONTACT_ID, PHONE_NUMBER, EMAIL_ADDRESS)
VALUES(27, 5195550123, 'drchen@greenviewmedical.com');

INSERT INTO CONTACT (CONTACT_ID, PHONE_NUMBER, EMAIL_ADDRESS)
VALUES(28, 2265554567, 'drgreen@greenviewmedical.com');

INSERT INTO CONTACT (CONTACT_ID, PHONE_NUMBER, EMAIL_ADDRESS)
VALUES(29, 2269832355, 'drpeterson@greenviewmedical.com');

INSERT INTO CONTACT (CONTACT_ID, PHONE_NUMBER, EMAIL_ADDRESS)
VALUES(30, 5195555678, 'drrousseau@greenviewmedical.com');

INSERT INTO CONTACT (CONTACT_ID, PHONE_NUMBER, EMAIL_ADDRESS)
VALUES(31, 2265559012, 'drphil@greenviewmedical.com');

INSERT INTO CONTACT (CONTACT_ID, PHONE_NUMBER, EMAIL_ADDRESS)
VALUES(32, 5195553456, 'drmcgibbons@greenviewmedical.com');

INSERT INTO CONTACT (CONTACT_ID, PHONE_NUMBER, EMAIL_ADDRESS)
VALUES(33, 2265557890, 'drkumar@greenviewmedical.com');

INSERT INTO CONTACT (CONTACT_ID, PHONE_NUMBER, EMAIL_ADDRESS)
VALUES(34, 5195551234, 'drmckenzie@greenviewmedical.com');

/* Populating the table with contact information for nurses*/

INSERT INTO CONTACT (CONTACT_ID, PHONE_NUMBER, EMAIL_ADDRESS) 
VALUES (35, 5195550123, 'smith@greenviewmedical.com');

INSERT INTO CONTACT (CONTACT_ID, PHONE_NUMBER, EMAIL_ADDRESS) 
VALUES (36, 2265554567, 'jones@greenviewmedical.com');

INSERT INTO CONTACT (CONTACT_ID, PHONE_NUMBER, EMAIL_ADDRESS) 
VALUES (37, 5195557890, 'williams@greenviewmedical.com');

INSERT INTO CONTACT (CONTACT_ID, PHONE_NUMBER, EMAIL_ADDRESS) 
VALUES (38, 2265551234, 'brown@greenviewmedical.com');

INSERT INTO CONTACT (CONTACT_ID, PHONE_NUMBER, EMAIL_ADDRESS) 
VALUES (39, 5195555678, 'garcia@greenviewmedical.com');

INSERT INTO CONTACT (CONTACT_ID, PHONE_NUMBER, EMAIL_ADDRESS) 
VALUES (40, 2265559012, 'miller@greenviewmedical.com');

INSERT INTO CONTACT (CONTACT_ID, PHONE_NUMBER, EMAIL_ADDRESS) 
VALUES (41, 5195553456, 'davis@greenviewmedical.com');

INSERT INTO CONTACT (CONTACT_ID, PHONE_NUMBER, EMAIL_ADDRESS) 
VALUES (42, 2265557890, 'rodriguez@greenviewmedical.com');

INSERT INTO CONTACT (CONTACT_ID, PHONE_NUMBER, EMAIL_ADDRESS) 
VALUES (43, 5195551234, 'martinez@greenviewmedical.com');

INSERT INTO CONTACT (CONTACT_ID, PHONE_NUMBER, EMAIL_ADDRESS) 
VALUES (44, 2265555678, 'hernandez@greenviewmedical.com');

INSERT INTO CONTACT (CONTACT_ID, PHONE_NUMBER, EMAIL_ADDRESS) 
VALUES (45, 5195559012, 'lopez@greenviewmedical.com');

INSERT INTO CONTACT (CONTACT_ID, PHONE_NUMBER, EMAIL_ADDRESS) 
VALUES (46, 2265553456, 'gonzalez@greenviewmedical.com');

INSERT INTO CONTACT (CONTACT_ID, PHONE_NUMBER, EMAIL_ADDRESS) 
VALUES (47, 5195556789, 'white@greenviewmedical.com');

INSERT INTO CONTACT (CONTACT_ID, PHONE_NUMBER, EMAIL_ADDRESS) 
VALUES (48, 2265550123, 'lee@greenviewmedical.com');

INSERT INTO CONTACT (CONTACT_ID, PHONE_NUMBER, EMAIL_ADDRESS) 
VALUES (49, 5195554567, 'wilson@greenviewmedical.com');

/* Populating the table with contact information for hospitals*/

INSERT INTO CONTACT (CONTACT_ID, PHONE_NUMBER, EMAIL_ADDRESS)
VALUES(50, 5199908765, 'northbranch@greenviewmedical.com');

INSERT INTO CONTACT (CONTACT_ID, PHONE_NUMBER, EMAIL_ADDRESS)
VALUES(51, 5199908744, 'southwest@greenviewmedical.com');

INSERT INTO CONTACT (CONTACT_ID, PHONE_NUMBER, EMAIL_ADDRESS)
VALUES(52, 5199908722, 'central@greenviewmedical.com');

/* Populating the table with contact information for pharmacies*/
INSERT INTO CONTACT (CONTACT_ID, PHONE_NUMBER, EMAIL_ADDRESS)
VALUES(53, 5192339670, 'info@chesterspharma.com');

INSERT INTO CONTACT (CONTACT_ID, PHONE_NUMBER, EMAIL_ADDRESS)
VALUES(54, 5198912309, 'info@shoppersdrugmart.com');

INSERT INTO CONTACT (CONTACT_ID, PHONE_NUMBER, EMAIL_ADDRESS)
VALUES(55, 5198409944, 'info@pharmaplus.com');

/* Populating the location details table with information for hospitals and pharmacies*/

INSERT INTO LOCATION_DETAILS (LOCATION_ID, LOCATION_NAME, ADDRESS_ID, CONTACT_ID)
VALUES (1, 'Greenview Hospital North', 31, 50);

INSERT INTO LOCATION_DETAILS (LOCATION_ID, LOCATION_NAME, ADDRESS_ID, CONTACT_ID)
VALUES (2, 'Greenview Hospital South West', 30, 51);

INSERT INTO LOCATION_DETAILS (LOCATION_ID, LOCATION_NAME, ADDRESS_ID, CONTACT_ID)
VALUES (3, 'Greenview Hospital Central', 29, 52);

INSERT INTO LOCATION_DETAILS (LOCATION_ID, LOCATION_NAME, ADDRESS_ID, CONTACT_ID)
VALUES (4, 'Chesters Pharmacy', 28, 53);

INSERT INTO LOCATION_DETAILS (LOCATION_ID, LOCATION_NAME, ADDRESS_ID, CONTACT_ID)
VALUES (5, 'Shoppers Drug Mart', 27, 54);

INSERT INTO LOCATION_DETAILS (LOCATION_ID, LOCATION_NAME, ADDRESS_ID, CONTACT_ID)
VALUES (6, 'Pharmacy Plus', 26, 55);

/* Populating the Employee type table, with the two possible employee types, nurse and doctor*/

INSERT INTO EMPLOYEE_TYPE (EMPLOYEE_TYPE_ID, EMPLOYEE_ROLE)
VALUES (1, 'Nurse');

INSERT INTO EMPLOYEE_TYPE (EMPLOYEE_TYPE_ID, EMPLOYEE_ROLE)
VALUES (2, 'Doctor');

/* Populating the Specialization table, with several possible specialization types*/

INSERT INTO SPECIALIZATION (SPECIALIZATION_ID, SPECIALIZATION, EMPLOYEE_TYPE_ID)
VALUES (1, 'Pediatric Nursing', 1);

INSERT INTO SPECIALIZATION (SPECIALIZATION_ID, SPECIALIZATION, EMPLOYEE_TYPE_ID)
VALUES (2, 'Critical Care Nursing', 1);

INSERT INTO SPECIALIZATION (SPECIALIZATION_ID, SPECIALIZATION, EMPLOYEE_TYPE_ID)
VALUES (3, 'Mental Health Nursing', 1);

INSERT INTO SPECIALIZATION (SPECIALIZATION_ID, SPECIALIZATION, EMPLOYEE_TYPE_ID)
VALUES (4, 'Registered Nurse', 1);

INSERT INTO SPECIALIZATION (SPECIALIZATION_ID, SPECIALIZATION, EMPLOYEE_TYPE_ID)
VALUES (5, 'General Practice', 2);

INSERT INTO SPECIALIZATION (SPECIALIZATION_ID, SPECIALIZATION, EMPLOYEE_TYPE_ID)
VALUES (6, 'Neurology', 2);

INSERT INTO SPECIALIZATION (SPECIALIZATION_ID, SPECIALIZATION, EMPLOYEE_TYPE_ID)
VALUES (7, 'Emergency', 2);

INSERT INTO SPECIALIZATION (SPECIALIZATION_ID, SPECIALIZATION, EMPLOYEE_TYPE_ID)
VALUES (8, 'Pediatrics', 2);

/* Populating the Employee table with doctors*/

INSERT INTO EMPLOYEE (EMPLOYEE_ID, FNAME, LNAME, SALARY, HOURS, NUMPATIENT, CONTACT_ID, ADDRESS_ID, EMPLOYEE_TYPE_ID, SPECIALIZATION_ID, WORKS_AT)
VALUES (1, 'John', 'Kumar', 100000.00, 45.0, 1, 33, 1, 2, 4, 1);

INSERT INTO EMPLOYEE (EMPLOYEE_ID, FNAME, LNAME, SALARY, HOURS, NUMPATIENT, CONTACT_ID, ADDRESS_ID, EMPLOYEE_TYPE_ID, SPECIALIZATION_ID, WORKS_AT)
VALUES (2, 'Jane', 'McKenzie', 95000.00, 40.0, 1, 34, 2, 2, 5, 1);

INSERT INTO EMPLOYEE (EMPLOYEE_ID, FNAME, LNAME, SALARY, HOURS, NUMPATIENT, CONTACT_ID, ADDRESS_ID, EMPLOYEE_TYPE_ID, SPECIALIZATION_ID, WORKS_AT)
VALUES (3, 'David', 'Kovac', 80000.00, 40.0, 1, 26, 3, 2, 6, 1);

INSERT INTO EMPLOYEE (EMPLOYEE_ID, FNAME, LNAME, SALARY, HOURS, NUMPATIENT, CONTACT_ID, ADDRESS_ID, EMPLOYEE_TYPE_ID, SPECIALIZATION_ID, WORKS_AT)
VALUES (4, 'Sarah', 'Chen', 85000.00, 40.0, 2, 27, 4, 2, 7, 2);

INSERT INTO EMPLOYEE (EMPLOYEE_ID, FNAME, LNAME, SALARY, HOURS, NUMPATIENT, CONTACT_ID, ADDRESS_ID, EMPLOYEE_TYPE_ID, SPECIALIZATION_ID, WORKS_AT)
VALUES (5, 'Andrew', 'Green', 90000.00, 40.0, 2, 28, 5, 2, 8, 2);

INSERT INTO EMPLOYEE (EMPLOYEE_ID, FNAME, LNAME, SALARY, HOURS, NUMPATIENT, CONTACT_ID, ADDRESS_ID, EMPLOYEE_TYPE_ID, SPECIALIZATION_ID, WORKS_AT)
VALUES (6, 'Emily', 'Peterson', 80000.00, 40.0, 2, 29, 6, 2, 4, 2);

INSERT INTO EMPLOYEE (EMPLOYEE_ID, FNAME, LNAME, SALARY, HOURS, NUMPATIENT, CONTACT_ID, ADDRESS_ID, EMPLOYEE_TYPE_ID, SPECIALIZATION_ID, WORKS_AT)
VALUES (7, 'James', 'Rousseau', 90000.00, 40.0, 1, 30, 7, 2, 5, 3);

INSERT INTO EMPLOYEE (EMPLOYEE_ID, FNAME, LNAME, SALARY, HOURS, NUMPATIENT, CONTACT_ID, ADDRESS_ID, EMPLOYEE_TYPE_ID, SPECIALIZATION_ID, WORKS_AT)
VALUES (8, 'Sophia', 'Phil', 95000.00, 40.0, 2, 31, 8, 2, 6, 3);

INSERT INTO EMPLOYEE (EMPLOYEE_ID, FNAME, LNAME, SALARY, HOURS, NUMPATIENT, CONTACT_ID, ADDRESS_ID, EMPLOYEE_TYPE_ID, SPECIALIZATION_ID, WORKS_AT)
VALUES (9, 'Daniel', 'McGibbons', 80000.00, 40.0, 1, 32, 9, 2, 7, 3);

/* Populating the Employee table with nurses*/

INSERT INTO EMPLOYEE (EMPLOYEE_ID, FNAME, LNAME, SALARY, HOURS, NUMPATIENT, CONTACT_ID, ADDRESS_ID, EMPLOYEE_TYPE_ID, SPECIALIZATION_ID, WORKS_AT)
VALUES (10, 'John', 'Smith', 700000.00, 45.0, 1, 35, 1, 2, 4, 1);

INSERT INTO EMPLOYEE (EMPLOYEE_ID, FNAME, LNAME, SALARY, HOURS, NUMPATIENT, CONTACT_ID, ADDRESS_ID, EMPLOYEE_TYPE_ID, SPECIALIZATION_ID, WORKS_AT)
VALUES (11, 'Jane', 'Jones', 75000.00, 40.0, 1, 36, 2, 2, 5, 1);

INSERT INTO EMPLOYEE (EMPLOYEE_ID, FNAME, LNAME, SALARY, HOURS, NUMPATIENT, CONTACT_ID, ADDRESS_ID, EMPLOYEE_TYPE_ID, SPECIALIZATION_ID, WORKS_AT)
VALUES (12, 'David', 'Williams', 50000.00, 40.0, 1, 37, 3, 2, 6, 1);

INSERT INTO EMPLOYEE (EMPLOYEE_ID, FNAME, LNAME, SALARY, HOURS, NUMPATIENT, CONTACT_ID, ADDRESS_ID, EMPLOYEE_TYPE_ID, SPECIALIZATION_ID, WORKS_AT)
VALUES (13, 'Sarah', 'Brown', 75000.00, 40.0, 2, 38, 4, 2, 7, 2);

INSERT INTO EMPLOYEE (EMPLOYEE_ID, FNAME, LNAME, SALARY, HOURS, NUMPATIENT, CONTACT_ID, ADDRESS_ID, EMPLOYEE_TYPE_ID, SPECIALIZATION_ID, WORKS_AT)
VALUES (14, 'Andrew', 'Garcia', 60000.00, 40.0, 2, 39, 5, 2, 8, 2);

INSERT INTO EMPLOYEE (EMPLOYEE_ID, FNAME, LNAME, SALARY, HOURS, NUMPATIENT, CONTACT_ID, ADDRESS_ID, EMPLOYEE_TYPE_ID, SPECIALIZATION_ID, WORKS_AT)
VALUES (15, 'Emily', 'Miller', 60000.00, 40.0, 2, 40, 6, 2, 4, 2);

INSERT INTO EMPLOYEE (EMPLOYEE_ID, FNAME, LNAME, SALARY, HOURS, NUMPATIENT, CONTACT_ID, ADDRESS_ID, EMPLOYEE_TYPE_ID, SPECIALIZATION_ID, WORKS_AT)
VALUES (16, 'James', 'Davis', 50000.00, 40.0, 1, 41, 7, 2, 5, 3);

INSERT INTO EMPLOYEE (EMPLOYEE_ID, FNAME, LNAME, SALARY, HOURS, NUMPATIENT, CONTACT_ID, ADDRESS_ID, EMPLOYEE_TYPE_ID, SPECIALIZATION_ID, WORKS_AT)
VALUES (17, 'Sophia', 'Rodriguez', 75000.00, 40.0, 2, 42, 8, 2, 6, 3);

INSERT INTO EMPLOYEE (EMPLOYEE_ID, FNAME, LNAME, SALARY, HOURS, NUMPATIENT, CONTACT_ID, ADDRESS_ID, EMPLOYEE_TYPE_ID, SPECIALIZATION_ID, WORKS_AT)
VALUES (18, 'Daniel', 'Martinez', 50000.00, 40.0, 1, 43, 9, 2, 7, 3);


/* Populating the ilness table with illnesses*/

INSERT INTO ILLNESS (ILLNESS_ID, ILLNESS_NAME, ACUTENESS, ESTIMATED_RECOVERY_TIME)
VALUES (1, 'Flu', 5, 7);

INSERT INTO ILLNESS (ILLNESS_ID, ILLNESS_NAME, ACUTENESS, ESTIMATED_RECOVERY_TIME)
VALUES (2, 'Broken Ankle', 8, 42);

INSERT INTO ILLNESS (ILLNESS_ID, ILLNESS_NAME, ACUTENESS, ESTIMATED_RECOVERY_TIME)
VALUES (3, 'Ear infection', 3, 10);

INSERT INTO ILLNESS (ILLNESS_ID, ILLNESS_NAME, ACUTENESS, ESTIMATED_RECOVERY_TIME)
VALUES (4, 'migraine', 6, 1);

INSERT INTO ILLNESS (ILLNESS_ID, ILLNESS_NAME, ACUTENESS, ESTIMATED_RECOVERY_TIME)
VALUES (5, 'Arthritus', 7, 4);

INSERT INTO ILLNESS (ILLNESS_ID, ILLNESS_NAME, ACUTENESS, ESTIMATED_RECOVERY_TIME)
VALUES (6, 'Fever', 5, 6);

INSERT INTO ILLNESS (ILLNESS_ID, ILLNESS_NAME, ACUTENESS, ESTIMATED_RECOVERY_TIME)
VALUES (7, 'Common Cold', 2, 10);

INSERT INTO ILLNESS (ILLNESS_ID, ILLNESS_NAME, ACUTENESS, ESTIMATED_RECOVERY_TIME)
VALUES (8, 'Headaches', 3, 2);

INSERT INTO ILLNESS (ILLNESS_ID, ILLNESS_NAME, ACUTENESS, ESTIMATED_RECOVERY_TIME)
VALUES (9, 'Heart Pain', 10, 10);


